ticker,corp_name,sector,industry,Close,Volume
MMM,3M,Industrials,Industrial Conglomerates,100.410004,3653500.0
MMM,3M,Industrials,Industrial Conglomerates,100.410004,3653500.0
AOS,A. O. Smith,Industrials,Building Products,70.949997,822900.0
AOS,A. O. Smith,Industrials,Building Products,70.949997,822900.0
ABT,Abbott,Health Care,Health Care Equipment,108.510002,6134700.0
ABT,Abbott,Health Care,Health Care Equipment,108.510002,6134700.0
ABBV,AbbVie,Health Care,Pharmaceuticals,134.949997,6463000.0
ABBV,AbbVie,Health Care,Pharmaceuticals,134.949997,6463000.0
ACN,Accenture,Information Technology,IT Consulting & Other Services,297.410004,2826900.0
ACN,Accenture,Information Technology,IT Consulting & Other Services,297.410004,2826900.0
ATVI,Activision Blizzard,Communication Services,Interactive Home Entertainment,83.400002,7865800.0
ATVI,Activision Blizzard,Communication Services,Interactive Home Entertainment,83.400002,7865800.0
ADM,ADM,Consumer Staples,Agricultural Products & Services,73.639999,2511900.0
ADM,ADM,Consumer Staples,Agricultural Products & Services,73.639999,2511900.0
ADBE,Adobe Inc.,Information Technology,Application Software,479.51001,3168700.0
ADBE,Adobe Inc.,Information Technology,Application Software,479.51001,3168700.0
ADP,ADP,Industrials,Human Resource & Employment Services,215.539993,1169600.0
ADP,ADP,Industrials,Human Resource & Employment Services,215.539993,1169600.0
AAP,Advance Auto Parts,Consumer Discretionary,Automotive Retail,67.290001,1990800.0
AAP,Advance Auto Parts,Consumer Discretionary,Automotive Retail,67.290001,1990800.0
AES,AES Corporation,Utilities,Independent Power Producers & Energy Traders,20.709999,5520300.0
AES,AES Corporation,Utilities,Independent Power Producers & Energy Traders,20.709999,5520300.0
AFL,Aflac,Financials,Life & Health Insurance,67.580002,1626000.0
AFL,Aflac,Financials,Life & Health Insurance,67.580002,1626000.0
A,Agilent Technologies,Health Care,Health Care Equipment,118.370003,1673400.0
A,Agilent Technologies,Health Care,Health Care Equipment,118.370003,1673400.0
APD,Air Products and Chemicals,Materials,Industrial Gases,286.390015,721200.0
APD,Air Products and Chemicals,Materials,Industrial Gases,286.390015,721200.0
AKAM,Akamai,Information Technology,Internet Services & Infrastructure,88.449997,1059700.0
AKAM,Akamai,Information Technology,Internet Services & Infrastructure,88.449997,1059700.0
ALK,Alaska Air Group,Industrials,Passenger Airlines,49.959999,961300.0
ALK,Alaska Air Group,Industrials,Passenger Airlines,49.959999,961300.0
ALB,Albemarle Corporation,Materials,Specialty Chemicals,225.220001,1688700.0
ALB,Albemarle Corporation,Materials,Specialty Chemicals,225.220001,1688700.0
ARE,Alexandria Real Estate Equities,Real Estate,Office REITs,114.510002,1499300.0
ARE,Alexandria Real Estate Equities,Real Estate,Office REITs,114.510002,1499300.0
ALGN,Align Technology,Health Care,Health Care Supplies,331.459991,389400.0
ALGN,Align Technology,Health Care,Health Care Supplies,331.459991,389400.0
ALLE,Allegion,Industrials,Building Products,117.169998,613400.0
ALLE,Allegion,Industrials,Building Products,117.169998,613400.0
LNT,Alliant Energy,Utilities,Electric Utilities,52.970001,1954300.0
LNT,Alliant Energy,Utilities,Electric Utilities,52.970001,1954300.0
ALL,Allstate,Financials,Property & Casualty Insurance,108.959999,1692900.0
ALL,Allstate,Financials,Property & Casualty Insurance,108.959999,1692900.0
GOOGL,Alphabet Inc. (Class A),Communication Services,Interactive Media & Services,118.339996,33809100.0
GOOGL,Alphabet Inc. (Class A),Communication Services,Interactive Media & Services,118.339996,33809100.0
GOOG,Alphabet Inc. (Class C),Communication Services,Interactive Media & Services,119.089996,23135600.0
GOOG,Alphabet Inc. (Class C),Communication Services,Interactive Media & Services,119.089996,23135600.0
MO,Altria,Consumer Staples,Tobacco,44.259998,8997500.0
MO,Altria,Consumer Staples,Tobacco,44.259998,8997500.0
AMZN,Amazon,Consumer Discretionary,Internet & Direct Marketing Retail,127.330002,59878500.0
AMZN,Amazon,Consumer Discretionary,Internet & Direct Marketing Retail,127.330002,59878500.0
AMCR,Amcor,Materials,Paper & Plastic Packaging Products & Materials,9.96,5038400.0
AMCR,Amcor,Materials,Paper & Plastic Packaging Products & Materials,9.96,5038400.0
AMD,AMD,Information Technology,Semiconductors,107.510002,68453300.0
AMD,AMD,Information Technology,Semiconductors,107.510002,68453300.0
AEE,Ameren,Utilities,Multi-Utilities,81.980003,743800.0
AEE,Ameren,Utilities,Multi-Utilities,81.980003,743800.0
AAL,American Airlines Group,Industrials,Passenger Airlines,16.440001,19599400.0
AAL,American Airlines Group,Industrials,Passenger Airlines,16.440001,19599400.0
AEP,American Electric Power,Utilities,Electric Utilities,83.779999,3244300.0
AEP,American Electric Power,Utilities,Electric Utilities,83.779999,3244300.0
AXP,American Express,Financials,Consumer Finance,167.110001,2506800.0
AXP,American Express,Financials,Consumer Finance,167.110001,2506800.0
AIG,American International Group,Financials,Property & Casualty Insurance,55.669998,3347800.0
AIG,American International Group,Financials,Property & Casualty Insurance,55.669998,3347800.0
AMT,American Tower,Real Estate,Telecom Tower REITs,188.130005,2308800.0
AMT,American Tower,Real Estate,Telecom Tower REITs,188.130005,2308800.0
AWK,American Water Works,Utilities,Water Utilities,140.229996,2613500.0
AWK,American Water Works,Utilities,Water Utilities,140.229996,2613500.0
AMP,Ameriprise Financial,Financials,Asset Management & Custody Banks,319.920013,427900.0
AMP,Ameriprise Financial,Financials,Asset Management & Custody Banks,319.920013,427900.0
ABC,AmerisourceBergen,Health Care,Health Care Distributors,187.759995,1555400.0
ABC,AmerisourceBergen,Health Care,Health Care Distributors,187.759995,1555400.0
AME,Ametek,Industrials,Electrical Components & Equipment,157.380005,963000.0
AME,Ametek,Industrials,Electrical Components & Equipment,157.380005,963000.0
AMGN,Amgen,Health Care,Biotechnology,224.729996,2565100.0
AMGN,Amgen,Health Care,Biotechnology,224.729996,2565100.0
APH,Amphenol,Information Technology,Electronic Components,80.559998,1616000.0
APH,Amphenol,Information Technology,Electronic Components,80.559998,1616000.0
ADI,Analog Devices,Information Technology,Semiconductors,186.339996,3365800.0
ADI,Analog Devices,Information Technology,Semiconductors,186.339996,3365800.0
ANSS,Ansys,Information Technology,Application Software,316.200012,372600.0
ANSS,Ansys,Information Technology,Application Software,316.200012,372600.0
AON,Aon,Financials,Insurance Brokers,330.390015,788600.0
AON,Aon,Financials,Insurance Brokers,330.390015,788600.0
APA,APA Corporation,Energy,Oil & Gas Exploration & Production,33.029999,4169000.0
APA,APA Corporation,Energy,Oil & Gas Exploration & Production,33.029999,4169000.0
AAPL,Apple Inc.,Information Technology,"Technology Hardware, Storage & Peripherals",185.270004,47977400.0
AAPL,Apple Inc.,Information Technology,"Technology Hardware, Storage & Peripherals",185.270004,47977400.0
AMAT,Applied Materials,Information Technology,Semiconductor Materials & Equipment,139.800003,7254800.0
AMAT,Applied Materials,Information Technology,Semiconductor Materials & Equipment,139.800003,7254800.0
APTV,Aptiv,Consumer Discretionary,Automotive Parts & Equipment,97.870003,1122000.0
APTV,Aptiv,Consumer Discretionary,Automotive Parts & Equipment,97.870003,1122000.0
ACGL,Arch Capital Group,Financials,Reinsurance,71.220001,1374300.0
ACGL,Arch Capital Group,Financials,Reinsurance,71.220001,1374300.0
ANET,Arista Networks,Information Technology,Communications Equipment,150.820007,2748800.0
ANET,Arista Networks,Information Technology,Communications Equipment,150.820007,2748800.0
AJG,Arthur J. Gallagher & Co.,Financials,Insurance Brokers,210.630005,750200.0
AJG,Arthur J. Gallagher & Co.,Financials,Insurance Brokers,210.630005,750200.0
AIZ,Assurant,Financials,Multi-line Insurance,126.360001,605000.0
AIZ,Assurant,Financials,Multi-line Insurance,126.360001,605000.0
T,AT&T,Communication Services,Integrated Telecommunication Services,15.63,28609100.0
T,AT&T,Communication Services,Integrated Telecommunication Services,15.63,28609100.0
ATO,Atmos Energy,Utilities,Gas Utilities,116.349998,590600.0
ATO,Atmos Energy,Utilities,Gas Utilities,116.349998,590600.0
ADSK,Autodesk,Information Technology,Application Software,200.779999,1286900.0
ADSK,Autodesk,Information Technology,Application Software,200.779999,1286900.0
AZO,AutoZone,Consumer Discretionary,Specialty Stores,2476.550049,211900.0
AZO,AutoZone,Consumer Discretionary,Specialty Stores,2476.550049,211900.0
AVB,AvalonBay Communities,Real Estate,Residential REITs,186.020004,605600.0
AVB,AvalonBay Communities,Real Estate,Residential REITs,186.020004,605600.0
AVY,Avery Dennison,Materials,Paper & Plastic Packaging Products & Materials,169.190002,455300.0
AVY,Avery Dennison,Materials,Paper & Plastic Packaging Products & Materials,169.190002,455300.0
AXON,Axon Enterprise,Industrials,Aerospace & Defense,189.630005,868300.0
AXON,Axon Enterprise,Industrials,Aerospace & Defense,189.630005,868300.0
BKR,Baker Hughes,Energy,Oil & Gas Equipment & Services,30.530001,5417100.0
BKR,Baker Hughes,Energy,Oil & Gas Equipment & Services,30.530001,5417100.0
BALL,Ball Corporation,Materials,"Metal, Glass & Plastic Containers",56.029999,1239800.0
BALL,Ball Corporation,Materials,"Metal, Glass & Plastic Containers",56.029999,1239800.0
BAC,Bank of America,Financials,Diversified Banks,28.09,47501600.0
BAC,Bank of America,Financials,Diversified Banks,28.09,47501600.0
BBWI,"Bath & Body Works, Inc.",Consumer Discretionary,Specialty Stores,36.43,3236800.0
BBWI,"Bath & Body Works, Inc.",Consumer Discretionary,Specialty Stores,36.43,3236800.0
BAX,Baxter International,Health Care,Health Care Equipment,44.709999,3957700.0
BAX,Baxter International,Health Care,Health Care Equipment,44.709999,3957700.0
BDX,Becton Dickinson,Health Care,Health Care Equipment,256.48999,653900.0
BDX,Becton Dickinson,Health Care,Health Care Equipment,256.48999,653900.0
WRB,Berkley,Financials,Property & Casualty Insurance,58.66,1012300.0
WRB,Berkley,Financials,Property & Casualty Insurance,58.66,1012300.0
BRKB,Berkshire Hathaway,Financials,Multi-Sector Holdings,,
BBY,Best Buy,Consumer Discretionary,Computer & Electronics Retail,81.400002,2447800.0
BBY,Best Buy,Consumer Discretionary,Computer & Electronics Retail,81.400002,2447800.0
BIO,Bio-Rad,Health Care,Life Sciences Tools & Services,365.540009,101600.0
BIO,Bio-Rad,Health Care,Life Sciences Tools & Services,365.540009,101600.0
TECH,Bio-Techne,Health Care,Life Sciences Tools & Services,76.790001,467800.0
TECH,Bio-Techne,Health Care,Life Sciences Tools & Services,76.790001,467800.0
BIIB,Biogen,Health Care,Biotechnology,281.579987,833500.0
BIIB,Biogen,Health Care,Biotechnology,281.579987,833500.0
BLK,BlackRock,Financials,Asset Management & Custody Banks,680.169983,403800.0
BLK,BlackRock,Financials,Asset Management & Custody Banks,680.169983,403800.0
BK,BNY Mellon,Financials,Asset Management & Custody Banks,43.029999,3593600.0
BK,BNY Mellon,Financials,Asset Management & Custody Banks,43.029999,3593600.0
BA,Boeing,Industrials,Aerospace & Defense,205.580002,3441700.0
BA,Boeing,Industrials,Aerospace & Defense,205.580002,3441700.0
BKNG,Booking Holdings,Consumer Discretionary,Internet & Direct Marketing Retail,2615.76001,226000.0
BKNG,Booking Holdings,Consumer Discretionary,Internet & Direct Marketing Retail,2615.76001,226000.0
BWA,BorgWarner,Consumer Discretionary,Automotive Parts & Equipment,45.240002,1900200.0
BWA,BorgWarner,Consumer Discretionary,Automotive Parts & Equipment,45.240002,1900200.0
BXP,Boston Properties,Real Estate,Office REITs,56.59,3043900.0
BXP,Boston Properties,Real Estate,Office REITs,56.59,3043900.0
BSX,Boston Scientific,Health Care,Health Care Equipment,53.5,6550800.0
BSX,Boston Scientific,Health Care,Health Care Equipment,53.5,6550800.0
BMY,Bristol Myers Squibb,Health Care,Pharmaceuticals,64.790001,7912100.0
BMY,Bristol Myers Squibb,Health Care,Pharmaceuticals,64.790001,7912100.0
AVGO,Broadcom Inc.,Information Technology,Semiconductors,821.630005,2136400.0
AVGO,Broadcom Inc.,Information Technology,Semiconductors,821.630005,2136400.0
BR,Broadridge Financial Solutions,Industrials,Data Processing & Outsourced Services,159.910004,353800.0
BR,Broadridge Financial Solutions,Industrials,Data Processing & Outsourced Services,159.910004,353800.0
BRO,Brown & Brown,Financials,Insurance Brokers,66.410004,1003100.0
BRO,Brown & Brown,Financials,Insurance Brokers,66.410004,1003100.0
BFB,Brown–Forman,Consumer Staples,Distillers & Vintners,,
BG,Bunge Limited,Consumer Staples,Agricultural Products & Services,92.879997,1216800.0
BG,Bunge Limited,Consumer Staples,Agricultural Products & Services,92.879997,1216800.0
CHRW,C.H. Robinson,Industrials,Air Freight & Logistics,92.559998,843500.0
CHRW,C.H. Robinson,Industrials,Air Freight & Logistics,92.559998,843500.0
CDNS,Cadence Design Systems,Information Technology,Application Software,223.009995,1438300.0
CDNS,Cadence Design Systems,Information Technology,Application Software,223.009995,1438300.0
CZR,Caesars Entertainment,Consumer Discretionary,Casinos & Gaming,46.779999,2795800.0
CZR,Caesars Entertainment,Consumer Discretionary,Casinos & Gaming,46.779999,2795800.0
CPT,Camden Property Trust,Real Estate,Residential REITs,108.739998,563700.0
CPT,Camden Property Trust,Real Estate,Residential REITs,108.739998,563700.0
CPB,Campbell Soup Company,Consumer Staples,Packaged Foods & Meats,45.830002,2293200.0
CPB,Campbell Soup Company,Consumer Staples,Packaged Foods & Meats,45.830002,2293200.0
COF,Capital One,Financials,Consumer Finance,106.220001,1805600.0
COF,Capital One,Financials,Consumer Finance,106.220001,1805600.0
CAH,Cardinal Health,Health Care,Health Care Distributors,92.290001,3132400.0
CAH,Cardinal Health,Health Care,Health Care Distributors,92.290001,3132400.0
KMX,CarMax,Consumer Discretionary,Automotive Retail,81.25,4005100.0
KMX,CarMax,Consumer Discretionary,Automotive Retail,81.25,4005100.0
CCL,Carnival,Consumer Discretionary,"Hotels, Resorts & Cruise Lines",14.6,106808100.0
CCL,Carnival,Consumer Discretionary,"Hotels, Resorts & Cruise Lines",14.6,106808100.0
CARR,Carrier Global,Industrials,Building Products,48.630001,5073200.0
CARR,Carrier Global,Industrials,Building Products,48.630001,5073200.0
CTLT,Catalent,Health Care,Pharmaceuticals,43.82,2283000.0
CTLT,Catalent,Health Care,Pharmaceuticals,43.82,2283000.0
CAT,Caterpillar Inc.,Industrials,Construction Machinery & Heavy Transportation Equipment,236.949997,1747400.0
CAT,Caterpillar Inc.,Industrials,Construction Machinery & Heavy Transportation Equipment,236.949997,1747400.0
CBOE,Cboe Global Markets,Financials,Financial Exchanges & Data,133.75,391500.0
CBOE,Cboe Global Markets,Financials,Financial Exchanges & Data,133.75,391500.0
CBRE,CBRE Group,Real Estate,Real Estate Services,75.559998,2116000.0
CBRE,CBRE Group,Real Estate,Real Estate Services,75.559998,2116000.0
CDW,CDW,Information Technology,Technology Distributors,176.919998,906900.0
CDW,CDW,Information Technology,Technology Distributors,176.919998,906900.0
CE,Celanese,Materials,Specialty Chemicals,111.080002,1250000.0
CE,Celanese,Materials,Specialty Chemicals,111.080002,1250000.0
CNC,Centene Corporation,Health Care,Managed Health Care,66.360001,1753700.0
CNC,Centene Corporation,Health Care,Managed Health Care,66.360001,1753700.0
CNP,CenterPoint Energy,Utilities,Multi-Utilities,28.92,2349900.0
CNP,CenterPoint Energy,Utilities,Multi-Utilities,28.92,2349900.0
CDAY,Ceridian,Information Technology,Application Software,64.269997,711100.0
CDAY,Ceridian,Information Technology,Application Software,64.269997,711100.0
CF,CF Industries,Materials,Fertilizers & Agricultural Chemicals,70.019997,1718600.0
CF,CF Industries,Materials,Fertilizers & Agricultural Chemicals,70.019997,1718600.0
CRL,Charles River Laboratories,Health Care,Life Sciences Tools & Services,206.300003,352200.0
CRL,Charles River Laboratories,Health Care,Life Sciences Tools & Services,206.300003,352200.0
SCHW,Charles Schwab Corporation,Financials,Investment Banking & Brokerage,53.41,10129200.0
SCHW,Charles Schwab Corporation,Financials,Investment Banking & Brokerage,53.41,10129200.0
CHTR,Charter Communications,Communication Services,Cable & Satellite,336.880005,1227700.0
CHTR,Charter Communications,Communication Services,Cable & Satellite,336.880005,1227700.0
CVX,Chevron Corporation,Energy,Integrated Oil & Gas,154.009995,7368600.0
CVX,Chevron Corporation,Energy,Integrated Oil & Gas,154.009995,7368600.0
CMG,Chipotle Mexican Grill,Consumer Discretionary,Restaurants,2032.310059,248800.0
CMG,Chipotle Mexican Grill,Consumer Discretionary,Restaurants,2032.310059,248800.0
CB,Chubb Limited,Financials,Property & Casualty Insurance,190.779999,1648600.0
CB,Chubb Limited,Financials,Property & Casualty Insurance,190.779999,1648600.0
CHD,Church & Dwight,Consumer Staples,Household Products,97.419998,2235900.0
CHD,Church & Dwight,Consumer Staples,Household Products,97.419998,2235900.0
CI,Cigna,Health Care,Managed Health Care,276.410004,1396100.0
CI,Cigna,Health Care,Managed Health Care,276.410004,1396100.0
CINF,Cincinnati Financial,Financials,Property & Casualty Insurance,96.730003,828000.0
CINF,Cincinnati Financial,Financials,Property & Casualty Insurance,96.730003,828000.0
CTAS,Cintas,Industrials,Diversified Support Services,485.369995,279400.0
CTAS,Cintas,Industrials,Diversified Support Services,485.369995,279400.0
CSCO,Cisco,Information Technology,Communications Equipment,50.209999,13030000.0
CSCO,Cisco,Information Technology,Communications Equipment,50.209999,13030000.0
C,Citigroup,Financials,Diversified Banks,46.240002,13251900.0
C,Citigroup,Financials,Diversified Banks,46.240002,13251900.0
CFG,Citizens Financial Group,Financials,Regional Banks,25.559999,4537300.0
CFG,Citizens Financial Group,Financials,Regional Banks,25.559999,4537300.0
CLX,Clorox,Consumer Staples,Household Products,156.809998,903000.0
CLX,Clorox,Consumer Staples,Household Products,156.809998,903000.0
CME,CME Group,Financials,Financial Exchanges & Data,178.889999,1300700.0
CME,CME Group,Financials,Financial Exchanges & Data,178.889999,1300700.0
CMS,CMS Energy,Utilities,Multi-Utilities,59.59,1397800.0
CMS,CMS Energy,Utilities,Multi-Utilities,59.59,1397800.0
KO,Coca-Cola Company (The),Consumer Staples,Soft Drinks & Non-alcoholic Beverages,61.220001,12854400.0
KO,Coca-Cola Company (The),Consumer Staples,Soft Drinks & Non-alcoholic Beverages,61.220001,12854400.0
CTSH,Cognizant,Information Technology,IT Consulting & Other Services,62.459999,3074100.0
CTSH,Cognizant,Information Technology,IT Consulting & Other Services,62.459999,3074100.0
CL,Colgate-Palmolive,Consumer Staples,Household Products,76.639999,4235300.0
CL,Colgate-Palmolive,Consumer Staples,Household Products,76.639999,4235300.0
CMCSA,Comcast,Communication Services,Cable & Satellite,40.560001,18285100.0
CMCSA,Comcast,Communication Services,Cable & Satellite,40.560001,18285100.0
CMA,Comerica,Financials,Diversified Banks,41.349998,1965200.0
CMA,Comerica,Financials,Diversified Banks,41.349998,1965200.0
CAG,Conagra Brands,Consumer Staples,Packaged Foods & Meats,34.279999,2920400.0
CAG,Conagra Brands,Consumer Staples,Packaged Foods & Meats,34.279999,2920400.0
COP,ConocoPhillips,Energy,Oil & Gas Exploration & Production,101.309998,4359400.0
COP,ConocoPhillips,Energy,Oil & Gas Exploration & Production,101.309998,4359400.0
ED,Consolidated Edison,Utilities,Electric Utilities,91.68,1242500.0
ED,Consolidated Edison,Utilities,Electric Utilities,91.68,1242500.0
STZ,Constellation Brands,Consumer Staples,Distillers & Vintners,242.419998,743800.0
STZ,Constellation Brands,Consumer Staples,Distillers & Vintners,242.419998,743800.0
CEG,Constellation Energy,Utilities,Multi-Utilities,90.629997,1890400.0
CEG,Constellation Energy,Utilities,Multi-Utilities,90.629997,1890400.0
COO,CooperCompanies,Health Care,Health Care Supplies,373.679993,226900.0
COO,CooperCompanies,Health Care,Health Care Supplies,373.679993,226900.0
CPRT,Copart,Industrials,Diversified Support Services,89.099998,1571600.0
CPRT,Copart,Industrials,Diversified Support Services,89.099998,1571600.0
GLW,Corning Inc.,Information Technology,Electronic Components,34.139999,4643400.0
GLW,Corning Inc.,Information Technology,Electronic Components,34.139999,4643400.0
CTVA,Corteva,Materials,Fertilizers & Agricultural Chemicals,58.009998,1862400.0
CTVA,Corteva,Materials,Fertilizers & Agricultural Chemicals,58.009998,1862400.0
CSGP,CoStar Group,Industrials,Research & Consulting Services,87.809998,3440500.0
CSGP,CoStar Group,Industrials,Research & Consulting Services,87.809998,3440500.0
COST,Costco,Consumer Staples,Consumer Staples Merchandise Retail,523.419983,1278200.0
COST,Costco,Consumer Staples,Consumer Staples Merchandise Retail,523.419983,1278200.0
CTRA,Coterra,Energy,Oil & Gas Exploration & Production,23.959999,5933600.0
CTRA,Coterra,Energy,Oil & Gas Exploration & Production,23.959999,5933600.0
CCI,Crown Castle,Real Estate,Telecom Tower REITs,110.790001,5610700.0
CCI,Crown Castle,Real Estate,Telecom Tower REITs,110.790001,5610700.0
CSX,CSX,Industrials,Rail Transportation,33.110001,8464900.0
CSX,CSX,Industrials,Rail Transportation,33.110001,8464900.0
CMI,Cummins,Industrials,Industrial Machinery & Supplies & Components,234.229996,731300.0
CMI,Cummins,Industrials,Industrial Machinery & Supplies & Components,234.229996,731300.0
CVS,CVS Health,Health Care,Health Care Services,69.849998,9449400.0
CVS,CVS Health,Health Care,Health Care Services,69.849998,9449400.0
DHI,D.R. Horton,Consumer Discretionary,Homebuilding,119.889999,2294600.0
DHI,D.R. Horton,Consumer Discretionary,Homebuilding,119.889999,2294600.0
DHR,Danaher Corporation,Health Care,Health Care Equipment,237.880005,2047500.0
DHR,Danaher Corporation,Health Care,Health Care Equipment,237.880005,2047500.0
DRI,Darden Restaurants,Consumer Discretionary,Restaurants,161.589996,1644900.0
DRI,Darden Restaurants,Consumer Discretionary,Restaurants,161.589996,1644900.0
DVA,DaVita Inc.,Health Care,Health Care Facilities,97.080002,575900.0
DVA,DaVita Inc.,Health Care,Health Care Facilities,97.080002,575900.0
DE,John Deere,Industrials,Agricultural & Farm Machinery,410.190002,1360400.0
DE,John Deere,Industrials,Agricultural & Farm Machinery,410.190002,1360400.0
DAL,Delta Air Lines,Industrials,Passenger Airlines,43.139999,10810100.0
DAL,Delta Air Lines,Industrials,Passenger Airlines,43.139999,10810100.0
XRAY,Dentsply Sirona,Health Care,Health Care Supplies,39.310001,1000500.0
XRAY,Dentsply Sirona,Health Care,Health Care Supplies,39.310001,1000500.0
DVN,Devon Energy,Energy,Oil & Gas Exploration & Production,47.740002,6832200.0
DVN,Devon Energy,Energy,Oil & Gas Exploration & Production,47.740002,6832200.0
DXCM,Dexcom,Health Care,Health Care Equipment,124.620003,2523100.0
DXCM,Dexcom,Health Care,Health Care Equipment,124.620003,2523100.0
FANG,Diamondback Energy,Energy,Oil & Gas Exploration & Production,127.220001,1296100.0
FANG,Diamondback Energy,Energy,Oil & Gas Exploration & Production,127.220001,1296100.0
DLR,Digital Realty,Real Estate,Data Center REITs,107.199997,2477100.0
DLR,Digital Realty,Real Estate,Data Center REITs,107.199997,2477100.0
DFS,Discover Financial,Financials,Consumer Finance,115.449997,1484500.0
DFS,Discover Financial,Financials,Consumer Finance,115.449997,1484500.0
DIS,Disney,Communication Services,Movies & Entertainment,88.699997,13117500.0
DIS,Disney,Communication Services,Movies & Entertainment,88.699997,13117500.0
DG,Dollar General,Consumer Staples,Consumer Staples Merchandise Retail,167.690002,2708900.0
DG,Dollar General,Consumer Staples,Consumer Staples Merchandise Retail,167.690002,2708900.0
DLTR,Dollar Tree,Consumer Staples,Consumer Staples Merchandise Retail,143.410004,2453400.0
DLTR,Dollar Tree,Consumer Staples,Consumer Staples Merchandise Retail,143.410004,2453400.0
D,Dominion Energy,Utilities,Electric Utilities,52.790001,3592200.0
D,Dominion Energy,Utilities,Electric Utilities,52.790001,3592200.0
DPZ,Domino's,Consumer Discretionary,Restaurants,319.23999,398200.0
DPZ,Domino's,Consumer Discretionary,Restaurants,319.23999,398200.0
DOV,Dover Corporation,Industrials,Industrial Machinery & Supplies & Components,143.100006,580100.0
DOV,Dover Corporation,Industrials,Industrial Machinery & Supplies & Components,143.100006,580100.0
DOW,Dow Inc.,Materials,Commodity Chemicals,51.950001,3072600.0
DOW,Dow Inc.,Materials,Commodity Chemicals,51.950001,3072600.0
DTE,DTE Energy,Utilities,Multi-Utilities,110.5,1240200.0
DTE,DTE Energy,Utilities,Multi-Utilities,110.5,1240200.0
DUK,Duke Energy,Utilities,Electric Utilities,90.839996,2208800.0
DUK,Duke Energy,Utilities,Electric Utilities,90.839996,2208800.0
DD,DuPont,Materials,Specialty Chemicals,67.800003,2546900.0
DD,DuPont,Materials,Specialty Chemicals,67.800003,2546900.0
DXC,DXC Technology,Information Technology,IT Consulting & Other Services,26.09,1470300.0
DXC,DXC Technology,Information Technology,IT Consulting & Other Services,26.09,1470300.0
EMN,Eastman Chemical Company,Materials,Diversified Chemicals,80.690002,875800.0
EMN,Eastman Chemical Company,Materials,Diversified Chemicals,80.690002,875800.0
ETN,Eaton Corporation,Industrials,Electrical Components & Equipment,196.080002,1205300.0
ETN,Eaton Corporation,Industrials,Electrical Components & Equipment,196.080002,1205300.0
EBAY,eBay,Consumer Discretionary,Internet & Direct Marketing Retail,43.459999,3548700.0
EBAY,eBay,Consumer Discretionary,Internet & Direct Marketing Retail,43.459999,3548700.0
ECL,Ecolab,Materials,Specialty Chemicals,180.399994,651400.0
ECL,Ecolab,Materials,Specialty Chemicals,180.399994,651400.0
EIX,Edison International,Utilities,Electric Utilities,68.800003,1205400.0
EIX,Edison International,Utilities,Electric Utilities,68.800003,1205400.0
EW,Edwards Lifesciences,Health Care,Health Care Equipment,89.489998,1945400.0
EW,Edwards Lifesciences,Health Care,Health Care Equipment,89.489998,1945400.0
EA,Electronic Arts,Communication Services,Interactive Home Entertainment,126.669998,1537000.0
EA,Electronic Arts,Communication Services,Interactive Home Entertainment,126.669998,1537000.0
ELV,Elevance Health,Health Care,Managed Health Care,448.769989,667300.0
ELV,Elevance Health,Health Care,Managed Health Care,448.769989,667300.0
LLY,Eli Lilly and Company,Health Care,Pharmaceuticals,452.76001,3211100.0
LLY,Eli Lilly and Company,Health Care,Pharmaceuticals,452.76001,3211100.0
EMR,Emerson Electric,Industrials,Electrical Components & Equipment,88.309998,2422500.0
EMR,Emerson Electric,Industrials,Electrical Components & Equipment,88.309998,2422500.0
ENPH,Enphase,Information Technology,Electronic Components,159.210007,2767700.0
ENPH,Enphase,Information Technology,Electronic Components,159.210007,2767700.0
ETR,Entergy,Utilities,Electric Utilities,98.949997,1251800.0
ETR,Entergy,Utilities,Electric Utilities,98.949997,1251800.0
EOG,EOG Resources,Energy,Oil & Gas Exploration & Production,110.0,3188300.0
EOG,EOG Resources,Energy,Oil & Gas Exploration & Production,110.0,3188300.0
EPAM,EPAM Systems,Information Technology,IT Consulting & Other Services,220.350006,438700.0
EPAM,EPAM Systems,Information Technology,IT Consulting & Other Services,220.350006,438700.0
EQT,EQT,Energy,Oil & Gas Exploration & Production,40.209999,4490800.0
EQT,EQT,Energy,Oil & Gas Exploration & Production,40.209999,4490800.0
EFX,Equifax,Industrials,Research & Consulting Services,224.149994,788500.0
EFX,Equifax,Industrials,Research & Consulting Services,224.149994,788500.0
EQIX,Equinix,Real Estate,Data Center REITs,759.940002,340600.0
EQIX,Equinix,Real Estate,Data Center REITs,759.940002,340600.0
EQR,Equity Residential,Real Estate,Residential REITs,64.459999,1769000.0
EQR,Equity Residential,Real Estate,Residential REITs,64.459999,1769000.0
ESS,Essex Property Trust,Real Estate,Residential REITs,228.589996,413400.0
ESS,Essex Property Trust,Real Estate,Residential REITs,228.589996,413400.0
EL,Estée Lauder Companies (The),Consumer Staples,Personal Care Products,194.080002,1148700.0
EL,Estée Lauder Companies (The),Consumer Staples,Personal Care Products,194.080002,1148700.0
ETSY,Etsy,Consumer Discretionary,Internet & Direct Marketing Retail,84.57,4033600.0
ETSY,Etsy,Consumer Discretionary,Internet & Direct Marketing Retail,84.57,4033600.0
RE,Everest Re,Financials,Reinsurance,339.970001,532500.0
RE,Everest Re,Financials,Reinsurance,339.970001,532500.0
EVRG,Evergy,Utilities,Electric Utilities,58.560001,1516600.0
EVRG,Evergy,Utilities,Electric Utilities,58.560001,1516600.0
ES,Eversource,Utilities,Multi-Utilities,70.82,1475600.0
ES,Eversource,Utilities,Multi-Utilities,70.82,1475600.0
EXC,Exelon,Utilities,Multi-Utilities,40.57,4784100.0
EXC,Exelon,Utilities,Multi-Utilities,40.57,4784100.0
EXPE,Expedia Group,Consumer Discretionary,Internet & Direct Marketing Retail,104.160004,1886200.0
EXPE,Expedia Group,Consumer Discretionary,Internet & Direct Marketing Retail,104.160004,1886200.0
EXPD,Expeditors International,Industrials,Air Freight & Logistics,116.0,639900.0
EXPD,Expeditors International,Industrials,Air Freight & Logistics,116.0,639900.0
EXR,Extra Space Storage,Real Estate,Self-Storage REITs,145.710007,1147800.0
EXR,Extra Space Storage,Real Estate,Self-Storage REITs,145.710007,1147800.0
XOM,ExxonMobil,Energy,Integrated Oil & Gas,104.290001,14282100.0
XOM,ExxonMobil,Energy,Integrated Oil & Gas,104.290001,14282100.0
FFIV,"F5, Inc.",Information Technology,Communications Equipment,144.380005,369300.0
FFIV,"F5, Inc.",Information Technology,Communications Equipment,144.380005,369300.0
FDS,FactSet,Financials,Financial Exchanges & Data,395.660004,420300.0
FDS,FactSet,Financials,Financial Exchanges & Data,395.660004,420300.0
FICO,Fair Isaac,Information Technology,Application Software,768.47998,125700.0
FICO,Fair Isaac,Information Technology,Application Software,768.47998,125700.0
FAST,Fastenal,Industrials,Building Products,57.57,2098700.0
FAST,Fastenal,Industrials,Building Products,57.57,2098700.0
FRT,Federal Realty,Real Estate,Retail REITs,92.339996,464800.0
FRT,Federal Realty,Real Estate,Retail REITs,92.339996,464800.0
FDX,FedEx,Industrials,Air Freight & Logistics,234.929993,2205500.0
FDX,FedEx,Industrials,Air Freight & Logistics,234.929993,2205500.0
FITB,Fifth Third Bank,Financials,Regional Banks,25.959999,5418500.0
FITB,Fifth Third Bank,Financials,Regional Banks,25.959999,5418500.0
FSLR,First Solar,Information Technology,Semiconductors,178.550003,1722800.0
FSLR,First Solar,Information Technology,Semiconductors,178.550003,1722800.0
FE,FirstEnergy,Utilities,Electric Utilities,38.77,3410400.0
FE,FirstEnergy,Utilities,Electric Utilities,38.77,3410400.0
FIS,FIS,Financials,Transaction & Payment Processing Services,52.68,3026400.0
FIS,FIS,Financials,Transaction & Payment Processing Services,52.68,3026400.0
FI,Fiserv,Financials,Transaction & Payment Processing Services,120.160004,2302100.0
FI,Fiserv,Financials,Transaction & Payment Processing Services,120.160004,2302100.0
FLT,Fleetcor,Financials,Transaction & Payment Processing Services,239.229996,295100.0
FLT,Fleetcor,Financials,Transaction & Payment Processing Services,239.229996,295100.0
FMC,FMC Corporation,Materials,Fertilizers & Agricultural Chemicals,106.589996,807100.0
FMC,FMC Corporation,Materials,Fertilizers & Agricultural Chemicals,106.589996,807100.0
F,Ford Motor Company,Consumer Discretionary,Automobile Manufacturers,14.11,44922400.0
F,Ford Motor Company,Consumer Discretionary,Automobile Manufacturers,14.11,44922400.0
FTNT,Fortinet,Information Technology,Systems Software,71.059998,3416400.0
FTNT,Fortinet,Information Technology,Systems Software,71.059998,3416400.0
FTV,Fortive,Industrials,Industrial Machinery & Supplies & Components,72.029999,1620900.0
FTV,Fortive,Industrials,Industrial Machinery & Supplies & Components,72.029999,1620900.0
FOXA,Fox Corporation (Class A),Communication Services,Movies & Entertainment,33.240002,3545300.0
FOXA,Fox Corporation (Class A),Communication Services,Movies & Entertainment,33.240002,3545300.0
FOX,Fox Corporation (Class B),Communication Services,Movies & Entertainment,31.07,596500.0
FOX,Fox Corporation (Class B),Communication Services,Movies & Entertainment,31.07,596500.0
BEN,Franklin Templeton,Financials,Asset Management & Custody Banks,25.84,1989600.0
BEN,Franklin Templeton,Financials,Asset Management & Custody Banks,25.84,1989600.0
FCX,Freeport-McMoRan,Materials,Copper,39.27,9125800.0
FCX,Freeport-McMoRan,Materials,Copper,39.27,9125800.0
GRMN,Garmin,Consumer Discretionary,Consumer Electronics,102.480003,540000.0
GRMN,Garmin,Consumer Discretionary,Consumer Electronics,102.480003,540000.0
IT,Gartner,Information Technology,IT Consulting & Other Services,336.929993,555500.0
IT,Gartner,Information Technology,IT Consulting & Other Services,336.929993,555500.0
GEHC,GE HealthCare,Health Care,Health Care Technology,77.800003,2500700.0
GEN,Gen Digital,Information Technology,Application Software,18.059999,3699100.0
GNRC,Generac,Industrials,Electrical Components & Equipment,131.009995,1356400.0
GD,General Dynamics,Industrials,Aerospace & Defense,212.089996,727200.0
GE,General Electric,Industrials,Industrial Conglomerates,104.449997,4250400.0
GIS,General Mills,Consumer Staples,Packaged Foods & Meats,81.860001,3544300.0
GM,General Motors,Consumer Discretionary,Automobile Manufacturers,36.700001,11902100.0
GPC,Genuine Parts Company,Consumer Discretionary,Specialty Stores,162.649994,890600.0
GILD,Gilead Sciences,Health Care,Biotechnology,76.559998,6106200.0
GL,Globe Life,Financials,Life & Health Insurance,107.019997,487900.0
GPN,Global Payments,Financials,Transaction & Payment Processing Services,96.519997,2098500.0
GS,Goldman Sachs,Financials,Investment Banking & Brokerage,312.359985,2480000.0
HAL,Halliburton,Energy,Oil & Gas Equipment & Services,31.67,6365700.0
HIG,Hartford (The),Financials,Property & Casualty Insurance,70.32,1293100.0
HAS,Hasbro,Consumer Discretionary,Leisure Products,60.98,807200.0
HCA,HCA Healthcare,Health Care,Health Care Facilities,294.869995,928400.0
PEAK,Healthpeak,Real Estate,Health Care REITs,19.870001,5970000.0
HSIC,Henry Schein,Health Care,Health Care Distributors,79.730003,599300.0
HSY,Hershey's,Consumer Staples,Packaged Foods & Meats,259.529999,857200.0
HES,Hess Corporation,Energy,Integrated Oil & Gas,134.990005,1364500.0
HPE,Hewlett Packard Enterprise,Information Technology,"Technology Hardware, Storage & Peripherals",16.389999,10100500.0
HLT,Hilton Worldwide,Consumer Discretionary,"Hotels, Resorts & Cruise Lines",138.339996,1504000.0
HOLX,Hologic,Health Care,Health Care Equipment,81.07,1067400.0
HD,Home Depot (The),Consumer Discretionary,Home Improvement Retail,307.890015,4438100.0
HON,Honeywell,Industrials,Industrial Conglomerates,202.580002,2131600.0
HRL,Hormel Foods,Consumer Staples,Packaged Foods & Meats,40.779999,1230700.0
HST,Host Hotels & Resorts,Real Estate,Hotel & Resort REITs,16.43,5340200.0
HWM,Howmet Aerospace,Industrials,Aerospace & Defense,46.68,1764700.0
HPQ,HP Inc.,Information Technology,"Technology Hardware, Storage & Peripherals",29.77,4903400.0
HUM,Humana,Health Care,Managed Health Care,446.399994,998100.0
HBAN,Huntington Bancshares,Financials,Regional Banks,10.35,9015500.0
HII,Huntington Ingalls Industries,Industrials,Aerospace & Defense,218.580002,259700.0
IBM,IBM,Information Technology,IT Consulting & Other Services,131.339996,4845000.0
IEX,IDEX Corporation,Industrials,Industrial Machinery & Supplies & Components,205.929993,409000.0
IDXX,Idexx Laboratories,Health Care,Health Care Equipment,481.820007,403200.0
ITW,Illinois Tool Works,Industrials,Industrial Machinery & Supplies & Components,245.270004,860300.0
ILMN,Illumina,Health Care,Life Sciences Tools & Services,191.880005,1591300.0
INCY,Incyte,Health Care,Biotechnology,62.939999,2052400.0
IR,Ingersoll Rand,Industrials,Industrial Machinery & Supplies & Components,63.220001,2882100.0
PODD,Insulet,Health Care,Health Care Equipment,296.73999,839500.0
INTC,Intel,Information Technology,Semiconductors,33.34,38921500.0
ICE,Intercontinental Exchange,Financials,Financial Exchanges & Data,110.129997,2640000.0
IFF,International Flavors & Fragrances,Materials,Specialty Chemicals,76.830002,2098300.0
IP,International Paper,Materials,Paper & Plastic Packaging Products & Materials,31.34,2664500.0
IPG,Interpublic Group of Companies (The),Communication Services,Advertising,38.959999,2745000.0
INTU,Intuit,Information Technology,Application Software,453.299988,1418200.0
ISRG,Intuitive Surgical,Health Care,Health Care Equipment,325.160004,1309300.0
IVZ,Invesco,Financials,Asset Management & Custody Banks,16.129999,4592800.0
INVH,Invitation Homes,Real Estate,Residential REITs,33.599998,2981900.0
IQV,IQVIA,Health Care,Life Sciences Tools & Services,213.820007,712300.0
IRM,Iron Mountain,Real Estate,Other Specialized REITs,54.630001,997700.0
JBHT,J.B. Hunt,Industrials,Cargo Ground Transportation,176.539993,603100.0
JKHY,Jack Henry & Associates,Financials,Transaction & Payment Processing Services,163.679993,337800.0
J,Jacobs Solutions,Industrials,Construction & Engineering,115.080002,445900.0
JNJ,Johnson & Johnson,Health Care,Pharmaceuticals,163.630005,6972000.0
JCI,Johnson Controls,Industrials,Building Products,66.0,3799800.0
JPM,JPMorgan Chase,Financials,Diversified Banks,139.190002,8427500.0
JNPR,Juniper Networks,Information Technology,Communications Equipment,29.98,3551500.0
K,Kellogg's,Consumer Staples,Packaged Foods & Meats,65.599998,2153000.0
KDP,Keurig Dr Pepper,Consumer Staples,Soft Drinks & Non-alcoholic Beverages,31.120001,6105000.0
KEY,KeyCorp,Financials,Regional Banks,9.35,19292800.0
KEYS,Keysight,Information Technology,Electronic Equipment & Instruments,158.919998,669800.0
KMB,Kimberly-Clark,Consumer Staples,Household Products,136.389999,1674000.0
KIM,Kimco Realty,Real Estate,Retail REITs,19.040001,3497100.0
KMI,Kinder Morgan,Energy,Oil & Gas Storage & Transportation,16.540001,18217100.0
KLAC,KLA Corporation,Information Technology,Semiconductor Materials & Equipment,458.549988,615300.0
KHC,Kraft Heinz,Consumer Staples,Packaged Foods & Meats,35.549999,6648400.0
KR,Kroger,Consumer Staples,Food Retail,46.650002,3549700.0
LHX,L3Harris,Industrials,Aerospace & Defense,191.720001,880300.0
LH,LabCorp,Health Care,Health Care Services,236.179993,507100.0
LRCX,Lam Research,Information Technology,Semiconductor Materials & Equipment,620.330017,1344000.0
LW,Lamb Weston,Consumer Staples,Packaged Foods & Meats,114.660004,763300.0
LVS,Las Vegas Sands,Consumer Discretionary,Casinos & Gaming,58.02,3759900.0
LDOS,Leidos,Industrials,Diversified Support Services,85.949997,723900.0
LEN,Lennar,Consumer Discretionary,Homebuilding,121.07,1438700.0
LNC,Lincoln Financial,Financials,Multi-line Insurance,24.34,1653100.0
LIN,Linde plc,Materials,Industrial Gases,370.709991,1089700.0
LYV,Live Nation Entertainment,Communication Services,Movies & Entertainment,87.300003,921800.0
LKQ,LKQ Corporation,Consumer Discretionary,Distributors,55.279999,1042200.0
LMT,Lockheed Martin,Industrials,Aerospace & Defense,452.799988,996700.0
L,Loews Corporation,Financials,Multi-line Insurance,58.32,766600.0
LOW,Lowe's,Consumer Discretionary,Home Improvement Retail,217.960007,2498900.0
LYB,LyondellBasell,Materials,Specialty Chemicals,89.209999,1565100.0
MTB,M&T Bank,Financials,Regional Banks,119.169998,1399400.0
MRO,Marathon Oil,Energy,Oil & Gas Exploration & Production,22.16,13375200.0
MPC,Marathon Petroleum,Energy,Oil & Gas Refining & Marketing,113.040001,2351900.0
MKTX,MarketAxess,Financials,Financial Exchanges & Data,262.76001,221300.0
MAR,Marriott International,Consumer Discretionary,"Hotels, Resorts & Cruise Lines",171.509995,1525800.0
MMC,Marsh McLennan,Financials,Insurance Brokers,182.979996,1535300.0
MLM,Martin Marietta Materials,Materials,Construction Materials,442.779999,287400.0
MAS,Masco,Industrials,Building Products,55.459999,1876000.0
MA,Mastercard,Financials,Transaction & Payment Processing Services,377.420013,3327800.0
MTCH,Match Group,Communication Services,Interactive Media & Services,41.560001,5212300.0
MKC,McCormick & Company,Consumer Staples,Packaged Foods & Meats,93.290001,1853300.0
MCD,McDonald's,Consumer Discretionary,Restaurants,289.089996,1850500.0
MCK,McKesson,Health Care,Health Care Distributors,414.089996,392000.0
MDT,Medtronic,Health Care,Health Care Equipment,87.0,4167700.0
MRK,Merck & Co.,Health Care,Pharmaceuticals,113.080002,7677100.0
META,Meta Platforms,Communication Services,Interactive Media & Services,278.470001,24190100.0
MET,MetLife,Financials,Life & Health Insurance,54.060001,5636900.0
MTD,Mettler Toledo,Health Care,Life Sciences Tools & Services,1279.900024,110600.0
MGM,MGM Resorts,Consumer Discretionary,Casinos & Gaming,41.75,2294300.0
MCHP,Microchip Technology,Information Technology,Semiconductors,82.839996,3685600.0
MU,Micron Technology,Information Technology,Semiconductors,65.449997,13803800.0
MSFT,Microsoft,Information Technology,Systems Software,328.600006,21477400.0
MAA,Mid-America Apartment Communities,Real Estate,Residential REITs,149.699997,638500.0
MRNA,Moderna,Health Care,Biotechnology,120.410004,3463200.0
MHK,Mohawk Industries,Consumer Discretionary,Home Furnishings,99.82,583400.0
MOH,Molina Healthcare,Health Care,Managed Health Care,290.0,519000.0
TAP,Molson Coors Beverage Company,Consumer Staples,Brewers,65.669998,2290100.0
MDLZ,Mondelez International,Consumer Staples,Packaged Foods & Meats,73.230003,4951000.0
MPWR,Monolithic Power Systems,Information Technology,Semiconductors,510.910004,364600.0
MNST,Monster Beverage,Consumer Staples,Soft Drinks & Non-alcoholic Beverages,57.709999,5482900.0
MCO,Moody's Corporation,Financials,Financial Exchanges & Data,334.76001,525200.0
MS,Morgan Stanley,Financials,Investment Banking & Brokerage,83.589996,6376400.0
MOS,Mosaic Company (The),Materials,Fertilizers & Agricultural Chemicals,34.349998,3461100.0
MSI,Motorola Solutions,Information Technology,Communications Equipment,280.390015,526100.0
MSCI,MSCI,Financials,Financial Exchanges & Data,463.25,405200.0
NDAQ,"Nasdaq, Inc.",Financials,Financial Exchanges & Data,49.610001,3202400.0
NTAP,NetApp,Information Technology,"Technology Hardware, Storage & Peripherals",73.75,2048100.0
NFLX,Netflix,Communication Services,Movies & Entertainment,415.940002,4634700.0
NWL,Newell Brands,Consumer Discretionary,Housewares & Specialties,8.22,5559600.0
NEM,Newmont,Materials,Gold,42.75,8476700.0
NWSA,News Corp (Class A),Communication Services,Publishing,18.940001,1178000.0
NWS,News Corp (Class B),Communication Services,Publishing,19.15,422000.0
NEE,NextEra Energy,Utilities,Multi-Utilities,74.290001,5669900.0
NKE,"Nike, Inc.",Consumer Discretionary,"Apparel, Accessories & Luxury Goods",111.739998,6884900.0
NI,NiSource,Utilities,Multi-Utilities,27.25,3695000.0
NDSN,Nordson Corporation,Industrials,Industrial Machinery & Supplies & Components,241.820007,358000.0
NSC,Norfolk Southern Railway,Industrials,Rail Transportation,221.850006,1030500.0
NTRS,Northern Trust,Financials,Asset Management & Custody Banks,71.779999,1174100.0
NOC,Northrop Grumman,Industrials,Aerospace & Defense,448.019989,744200.0
NCLH,Norwegian Cruise Line Holdings,Consumer Discretionary,"Hotels, Resorts & Cruise Lines",18.530001,21183100.0
NRG,NRG Energy,Utilities,Independent Power Producers & Energy Traders,35.91,10177800.0
NUE,Nucor,Materials,Steel,155.369995,1128300.0
NVDA,Nvidia,Information Technology,Semiconductors,406.320007,59327900.0
NVR,"NVR, Inc.",Consumer Discretionary,Homebuilding,6149.080078,21800.0
NXPI,NXP Semiconductors,Information Technology,Semiconductors,192.199997,1438500.0
ORLY,O'Reilly Auto Parts,Consumer Discretionary,Specialty Stores,931.650024,344000.0
OXY,Occidental Petroleum,Energy,Oil & Gas Exploration & Production,57.25,11164900.0
ODFL,Old Dominion,Industrials,Cargo Ground Transportation,334.540009,761000.0
OMC,Omnicom Group,Communication Services,Advertising,94.239998,1068600.0
ON,ON Semiconductor,Information Technology,Semiconductors,88.620003,4249200.0
OKE,ONEOK,Energy,Oil & Gas Storage & Transportation,58.599998,2138100.0
ORCL,Oracle Corporation,Information Technology,Application Software,116.779999,8981400.0
OGN,Organon & Co.,Health Care,Pharmaceuticals,20.52,1385400.0
OTIS,Otis Worldwide,Industrials,Industrial Machinery & Supplies & Components,87.120003,1023200.0
PCAR,Paccar,Industrials,Construction Machinery & Heavy Transportation Equipment,79.209999,1782900.0
PKG,Packaging Corporation of America,Materials,Paper & Plastic Packaging Products & Materials,130.919998,442600.0
PANW,Palo Alto Networks,Information Technology,Application Software,243.800003,4653500.0
PARA,Paramount Global,Communication Services,Movies & Entertainment,15.57,9240100.0
PH,Parker Hannifin,Industrials,Industrial Machinery & Supplies & Components,375.470001,778300.0
PAYX,Paychex,Industrials,Human Resource & Employment Services,110.650002,1924200.0
PAYC,Paycom,Information Technology,Application Software,310.799988,372500.0
PYPL,PayPal,Financials,Transaction & Payment Processing Services,66.440002,12214100.0
PNR,Pentair,Industrials,Industrial Machinery & Supplies & Components,61.040001,695400.0
PEP,PepsiCo,Consumer Staples,Soft Drinks & Non-alcoholic Beverages,184.889999,3706100.0
PFE,Pfizer,Health Care,Pharmaceuticals,36.889999,56115100.0
PCG,PG&E Corporation,Utilities,Multi-Utilities,16.860001,10449100.0
PM,Philip Morris International,Consumer Staples,Tobacco,96.769997,3825200.0
PSX,Phillips 66,Energy,Oil & Gas Refining & Marketing,91.519997,2845000.0
PNW,Pinnacle West,Utilities,Multi-Utilities,81.949997,694500.0
PXD,Pioneer Natural Resources,Energy,Oil & Gas Exploration & Production,201.380005,1331100.0
PNC,PNC Financial Services,Financials,Regional Banks,123.730003,2029900.0
POOL,Pool Corporation,Consumer Discretionary,Distributors,354.130005,292600.0
PPG,PPG Industries,Materials,Specialty Chemicals,141.080002,1198400.0
PPL,PPL Corporation,Utilities,Electric Utilities,26.530001,5035100.0
PFG,Principal Financial Group,Financials,Life & Health Insurance,73.059998,832100.0
PG,Procter & Gamble,Consumer Staples,Personal Care Products,148.610001,4352700.0
PGR,Progressive Corporation,Financials,Property & Casualty Insurance,131.949997,1641300.0
PLD,Prologis,Real Estate,Industrial REITs,119.010002,2828900.0
PRU,Prudential Financial,Financials,Life & Health Insurance,85.230003,1791200.0
PEG,Public Service Enterprise Group,Utilities,Electric Utilities,62.150002,1786900.0
PTC,PTC,Information Technology,Application Software,138.300003,683600.0
PSA,Public Storage,Real Estate,Self-Storage REITs,288.839996,804200.0
PHM,PulteGroup,Consumer Discretionary,Homebuilding,76.029999,2266400.0
QRVO,Qorvo,Information Technology,Semiconductors,98.769997,1016900.0
PWR,Quanta Services,Industrials,Construction & Engineering,190.509995,729300.0
QCOM,Qualcomm,Information Technology,Semiconductors,116.629997,9369300.0
DGX,Quest Diagnostics,Health Care,Health Care Services,141.389999,821000.0
RL,Ralph Lauren Corporation,Consumer Discretionary,"Apparel, Accessories & Luxury Goods",118.709999,684200.0
RJF,Raymond James,Financials,Investment Banking & Brokerage,97.919998,628200.0
RTX,Raytheon Technologies,Industrials,Aerospace & Defense,96.550003,3992700.0
O,Realty Income,Real Estate,Retail REITs,59.950001,3159300.0
REG,Regency Centers,Real Estate,Retail REITs,59.490002,652400.0
REGN,Regeneron,Health Care,Biotechnology,784.380005,586800.0
RF,Regions Financial Corporation,Financials,Regional Banks,17.32,8858800.0
RSG,Republic Services,Industrials,Environmental & Facilities Services,147.770004,983000.0
RMD,ResMed,Health Care,Health Care Equipment,214.490005,436400.0
RVTY,Revvity,Health Care,Health Care Equipment,116.709999,843500.0
RHI,Robert Half,Industrials,Human Resource & Employment Services,71.870003,812500.0
ROK,Rockwell Automation,Industrials,Electrical Components & Equipment,318.040009,711100.0
ROL,"Rollins, Inc.",Industrials,Environmental & Facilities Services,41.669998,1090000.0
ROP,Roper Technologies,Information Technology,Electronic Equipment & Instruments,460.200012,363500.0
ROST,Ross Stores,Consumer Discretionary,Apparel Retail,107.610001,1956800.0
RCL,Royal Caribbean Group,Consumer Discretionary,"Hotels, Resorts & Cruise Lines",97.239998,5415000.0
SPGI,S&P Global,Financials,Financial Exchanges & Data,387.01001,855900.0
CRM,Salesforce,Information Technology,Application Software,207.360001,4770100.0
SBAC,SBA Communications,Real Estate,Telecom Tower REITs,224.330002,790300.0
SLB,Schlumberger,Energy,Oil & Gas Equipment & Services,47.360001,6201700.0
STX,Seagate Technology,Information Technology,"Technology Hardware, Storage & Peripherals",60.549999,1419000.0
SEE,Sealed Air,Materials,Paper & Plastic Packaging Products & Materials,38.84,1406700.0
SRE,Sempra Energy,Utilities,Multi-Utilities,146.050003,1010100.0
NOW,ServiceNow,Information Technology,Systems Software,537.969971,966500.0
SHW,Sherwin-Williams,Materials,Specialty Chemicals,251.710007,1109500.0
SPG,Simon Property Group,Real Estate,Retail REITs,111.07,1567600.0
SWKS,Skyworks Solutions,Information Technology,Semiconductors,104.599998,1272000.0
SJM,J.M. Smucker Company (The),Consumer Staples,Packaged Foods & Meats,151.740005,713600.0
SNA,Snap-on,Industrials,Industrial Machinery & Supplies & Components,277.790009,220700.0
SEDG,SolarEdge,Information Technology,Semiconductor Materials & Equipment,247.610001,1331600.0
SO,Southern Company,Utilities,Electric Utilities,71.730003,3078300.0
LUV,Southwest Airlines,Industrials,Passenger Airlines,34.0,5841800.0
SWK,Stanley Black & Decker,Industrials,Industrial Machinery & Supplies & Components,89.510002,1024200.0
SBUX,Starbucks,Consumer Discretionary,Restaurants,98.230003,6068300.0
STT,State Street Corporation,Financials,Asset Management & Custody Banks,70.919998,1810700.0
STLD,Steel Dynamics,Materials,Steel,103.720001,1105900.0
STE,Steris,Health Care,Health Care Equipment,212.0,312500.0
SYK,Stryker Corporation,Health Care,Health Care Equipment,296.839996,807000.0
SYF,Synchrony Financial,Financials,Consumer Finance,32.580002,3079200.0
SNPS,Synopsys,Information Technology,Application Software,417.209991,732200.0
SYY,Sysco,Consumer Staples,Food Distributors,72.370003,3403900.0
TMUS,T-Mobile US,Communication Services,Wireless Telecommunication Services,134.850006,4426700.0
TROW,T. Rowe Price,Financials,Asset Management & Custody Banks,107.019997,937500.0
TTWO,Take-Two Interactive,Communication Services,Interactive Home Entertainment,143.509995,1390700.0
TPR,"Tapestry, Inc.",Consumer Discretionary,"Apparel, Accessories & Luxury Goods",42.799999,2546300.0
TRGP,Targa Resources,Energy,Oil & Gas Storage & Transportation,71.529999,1466900.0
TGT,Target Corporation,Consumer Staples,Consumer Staples Merchandise Retail,134.5,4828400.0
TEL,TE Connectivity,Information Technology,Electronic Manufacturing Services,133.940002,915500.0
TDY,Teledyne Technologies,Information Technology,Electronic Equipment & Instruments,402.01001,253700.0
TFX,Teleflex,Health Care,Health Care Equipment,239.529999,268200.0
TER,Teradyne,Information Technology,Semiconductor Materials & Equipment,105.989998,1548800.0
TSLA,"Tesla, Inc.",Consumer Discretionary,Automobile Manufacturers,241.050003,178849700.0
TXN,Texas Instruments,Information Technology,Semiconductors,168.75,4899600.0
TXT,Textron,Industrials,Aerospace & Defense,65.25,792800.0
TMO,Thermo Fisher Scientific,Health Care,Life Sciences Tools & Services,522.030029,956900.0
TJX,TJX Companies,Consumer Discretionary,Apparel Retail,81.720001,3650300.0
TSCO,Tractor Supply,Consumer Discretionary,Specialty Stores,219.059998,914800.0
TT,Trane Technologies,Industrials,Building Products,186.5,1040400.0
TDG,TransDigm Group,Industrials,Aerospace & Defense,855.340027,216500.0
TRV,Travelers Companies (The),Financials,Property & Casualty Insurance,172.389999,956800.0
TRMB,Trimble Inc.,Information Technology,Electronic Equipment & Instruments,50.610001,896400.0
TFC,Truist,Financials,Regional Banks,30.09,11395800.0
TYL,Tyler Technologies,Information Technology,Application Software,402.049988,489800.0
TSN,Tyson Foods,Consumer Staples,Packaged Foods & Meats,50.23,2209100.0
USB,U.S. Bank,Financials,Diversified Banks,32.32,11246600.0
UDR,"UDR, Inc.",Real Estate,Residential REITs,41.490002,1776700.0
ULTA,Ulta Beauty,Consumer Discretionary,Specialty Stores,463.570007,787000.0
UNP,Union Pacific Corporation,Industrials,Rail Transportation,201.330002,1764800.0
UAL,United Airlines Holdings,Industrials,Passenger Airlines,53.32,4960500.0
UPS,United Parcel Service,Industrials,Air Freight & Logistics,172.75,3762800.0
URI,United Rentals,Industrials,Trading Companies & Distributors,412.779999,745400.0
UNH,UnitedHealth Group,Health Care,Managed Health Care,479.059998,2968000.0
UHS,Universal Health Services,Health Care,Health Care Facilities,152.080002,491800.0
VLO,Valero Energy,Energy,Oil & Gas Refining & Marketing,112.989998,3151400.0
VTR,Ventas,Real Estate,Health Care REITs,45.869999,1981000.0
VRSN,Verisign,Information Technology,Internet Services & Infrastructure,219.449997,344800.0
VRSK,Verisk,Industrials,Research & Consulting Services,223.0,1284200.0
VZ,Verizon,Communication Services,Integrated Telecommunication Services,36.110001,15834500.0
VRTX,Vertex Pharmaceuticals,Health Care,Biotechnology,347.450012,1464400.0
VFC,VF Corporation,Consumer Discretionary,"Apparel, Accessories & Luxury Goods",18.440001,5161400.0
VTRS,Viatris,Health Care,Pharmaceuticals,9.85,7386000.0
VICI,Vici Properties,Real Estate,Hotel & Resort REITs,31.4,5635800.0
V,Visa Inc.,Financials,Transaction & Payment Processing Services,226.300003,5165000.0
VMC,Vulcan Materials Company,Materials,Construction Materials,214.770004,923200.0
WAB,Wabtec,Industrials,Construction Machinery & Heavy Transportation Equipment,103.559998,1381900.0
WBA,Walgreens Boots Alliance,Consumer Staples,Drug Retail,31.59,11495300.0
WMT,Walmart,Consumer Staples,Consumer Staples Merchandise Retail,155.050003,4701200.0
WBD,Warner Bros. Discovery,Communication Services,Broadcasting,11.78,27214800.0
WM,Waste Management,Industrials,Environmental & Facilities Services,166.740005,990900.0
WAT,Waters Corporation,Health Care,Health Care Distributors,259.73999,340400.0
WEC,WEC Energy Group,Utilities,Electric Utilities,88.919998,1354000.0
WFC,Wells Fargo,Financials,Diversified Banks,40.59,13618000.0
WELL,Welltower,Real Estate,Health Care REITs,79.57,2283600.0
WST,West Pharmaceutical Services,Health Care,Health Care Supplies,365.070007,341300.0
WDC,Western Digital,Information Technology,"Technology Hardware, Storage & Peripherals",37.560001,1862200.0
WRK,WestRock,Materials,Paper & Plastic Packaging Products & Materials,28.41,3261500.0
WY,Weyerhaeuser,Real Estate,Timber REITs,30.92,3412100.0
WHR,Whirlpool Corporation,Consumer Discretionary,Household Appliances,142.779999,559300.0
WMB,Williams Companies,Energy,Oil & Gas Storage & Transportation,31.07,7466900.0
WTW,Willis Towers Watson,Financials,Insurance Brokers,231.789993,829800.0
GWW,W. W. Grainger,Industrials,Industrial Machinery & Supplies & Components,748.090027,183400.0
WYNN,Wynn Resorts,Consumer Discretionary,Casinos & Gaming,105.25,1479500.0
XEL,Xcel Energy,Utilities,Multi-Utilities,62.860001,4010800.0
XYL,Xylem Inc.,Industrials,Industrial Machinery & Supplies & Components,110.669998,1529900.0
YUM,Yum! Brands,Consumer Discretionary,Restaurants,134.229996,1486300.0
ZBRA,Zebra Technologies,Information Technology,Electronic Equipment & Instruments,273.109985,285500.0
ZBH,Zimmer Biomet,Health Care,Health Care Equipment,142.809998,1110000.0
ZION,Zions Bancorporation,Financials,Regional Banks,27.08,2154000.0
ZTS,Zoetis,Health Care,Pharmaceuticals,167.539993,1729200.0
